scenario,ta,ta_est,se_ta_est,Ne_est,se_Ne_est
SerialConstant,0,303.135621310953,19.794271644367665,8090.36713619324,19.383742958350624
TennessenEuropean,0,4.4791917616293165e-21,4.3295048586293075e-21,7124.033211925399,11.558165093212907
SerialConstant,100,376.0312137879672,14.703920372146818,8342.151166523125,21.402483908147858
TennessenEuropean,100,1.916470796891246e-20,4.0498408416179894e-21,6860.790906785975,7.295583838369818
SerialConstant,1000,2470.8332723140948,22.459120100288114,8035.55840584529,22.77608171827713
TennessenEuropean,1000,1.3461579510858575e-25,5.521235092422994e-26,6535.909502497912,11.456238473874983
SerialConstant,10000,11860.052791403572,47.53884175585227,8671.415771744209,13.191053307090263
TennessenEuropean,10000,5497.670509503806,28.723616949111996,6550.532387843562,17.654047862119892
