ANC_ID,MOD_ID,rec_rate_mean,rec_rate_se,corr_piA_piB,se_corr_piA_piB,mask
LBK,SS6004468,0.008645899270797345,0.0005443828280952572,-0.013536560417533072,0.0448972114931766,centromere
LBK,SS6004468,0.008632238744421181,0.0005285234184556849,-4.5656287187036906e-05,0.0449466574507039,pilot
LBK,SS6004474,0.008655872172490505,0.0005489354117874283,0.12105724886471654,0.044303938078657325,centromere
LBK,SS6004474,0.008626090649416178,0.0005110987566572507,0.07164477286592175,0.04487650680927399,pilot
UstIshim,SS6004468,0.008666313066131534,0.0005181571114570124,-0.03310483889531883,0.045618528528295454,centromere
UstIshim,SS6004468,0.008621070949599149,0.000516046234575761,0.011224570757301794,0.04423460867599955,pilot
UstIshim,SS6004474,0.008669163750503436,0.0005317161376456684,0.07379275572226653,0.0431967146013523,centromere
UstIshim,SS6004474,0.008666276688327507,0.0005162007773299426,0.08513503510846225,0.042916669175624755,pilot
